-- ========== 用户数据 ==========
INSERT INTO users (id, name, email, role, phone, is_disabled, force_password_change, login_fail_count, created_at) VALUES
(1, '系统管理员', 'admin@company.com', 'admin', '13800000001', 0, 0, 0, '2026-01-01T08:00:00Z'),
(2, '张安全', 'security@company.com', 'security_team', '13800000002', 0, 0, 0, '2026-01-15T08:00:00Z'),
(3, '李风险', 'riskowner@company.com', 'risk_owner', '13800000003', 0, 0, 0, '2026-02-01T08:00:00Z'),
(4, '王处置', 'handler@company.com', 'handler', '13800000004', 0, 0, 0, '2026-02-15T08:00:00Z'),
(5, '赵高管', 'executive@company.com', 'executive', '13800000005', 0, 0, 0, '2026-03-01T08:00:00Z'),
(6, '刘运维', 'ops@company.com', 'handler', '13800000006', 0, 0, 2, '2026-03-10T08:00:00Z');

-- ========== 安全风险数据 ==========
INSERT INTO security_risks (id, risk_no, title, description, source, category, level, affected_assets, cvss_score, cve_id, impact_score, likelihood_score, total_score, status, workflow_status, risk_owner_id, handler_id, discovery_date, plan_end_date, actual_end_date, attachments, created_at, updated_at) VALUES
(1, 'SEC-2026-001', 'Apache Log4j2 远程代码执行漏洞（CVE-2021-44228）', 'Apache Log4j2 存在 JNDI 注入漏洞，攻击者可通过构造恶意日志消息实现远程代码执行，影响所有使用 Log4j2 2.0-beta9 至 2.14.1 版本的应用系统。', '外部来源', '漏洞利用', '严重', '["核心业务系统","用户管理平台","数据分析平台"]', 10.0, 'CVE-2021-44228', 10, 5, 25, '已修复', 'closed', 3, 4, '2026-01-15T08:00:00Z', '2026-02-15T00:00:00Z', '2026-02-10T14:30:00Z', '[]', '2026-01-15T08:00:00Z', '2026-02-10T14:30:00Z'),
(2, 'SEC-2026-002', '客户管理系统 SQL 注入漏洞', '客户管理系统的查询接口存在 SQL 注入漏洞，攻击者可通过构造特殊请求获取数据库敏感信息，包括客户个人数据和交易记录。', '内部来源', '漏洞利用', '高危', '["客户管理系统","数据库服务器"]', 8.5, NULL, 5, 4, 20, '处置中', 'in_progress', 3, 4, '2026-03-10T10:00:00Z', '2026-06-30T00:00:00Z', NULL, '[]', '2026-03-10T10:00:00Z', '2026-03-15T10:00:00Z'),
(3, 'SEC-2026-003', 'OpenSSL 缓冲区溢出漏洞（CVE-2024-5535）', 'OpenSSL 存在缓冲区溢出漏洞，可能导致拒绝服务或远程代码执行，影响所有使用该版本 OpenSSL 的服务。', '外部来源', '漏洞利用', '高危', '["Web 服务器集群","API 网关","邮件服务器"]', 7.8, NULL, 4, 4, 16, '处置中', 'in_progress', 3, 5, '2026-04-05T08:00:00Z', '2026-07-15T00:00:00Z', NULL, '[]', '2026-04-05T08:00:00Z', '2026-04-10T09:00:00Z'),
(4, 'SEC-2026-004', 'Spring Framework 路径遍历漏洞（CVE-2024-22263）', 'Spring Framework 的静态资源处理存在路径遍历漏洞，攻击者可读取服务器上的敏感文件。', '外部来源', '漏洞利用', '中危', '["内部办公系统","HR 管理平台"]', 6.5, NULL, 4, 3, 12, '待处置', 'assigned', 3, NULL, '2026-05-01T08:00:00Z', '2026-07-20T00:00:00Z', NULL, '[]', '2026-05-01T08:00:00Z', '2026-05-05T10:00:00Z'),
(5, 'SEC-2026-005', '管理员账户弱密码及未启用 MFA', '安全审计发现多个管理员账户使用弱密码，且未启用多因素认证，存在被暴力破解的风险。', '内部来源', '身份与访问', '高危', '["AD 域控制器","VPN 网关","堡垒机"]', NULL, NULL, 5, 4, 20, '已修复', 'closed', 2, 4, '2026-03-20T08:00:00Z', '2026-04-10T00:00:00Z', '2026-04-08T15:00:00Z', '[]', '2026-03-20T08:00:00Z', '2026-04-08T15:00:00Z'),
(6, 'SEC-2026-006', 'Jenkins CI/CD 服务器多个安全漏洞', 'Jenkins 服务器存在多个已知安全漏洞，包括未授权访问、CSRF 和 XSS 漏洞，可能被攻击者利用获取代码仓库访问权限。', '内部来源', '配置缺陷', '高危', '["CI/CD 平台","代码仓库"]', 8.2, NULL, 4, 4, 16, '处置中', 'in_progress', 2, 5, '2026-05-15T08:00:00Z', '2026-07-01T00:00:00Z', NULL, '[]', '2026-05-15T08:00:00Z', '2026-05-20T10:00:00Z'),
(7, 'SEC-2026-007', '第三方依赖库 License 合规风险', '代码扫描发现项目中使用了多个 GPL 协议的开源组件，存在 License 合规风险，可能影响产品商业化发布。', '内部来源', '合规与法规', '低危', '["产品代码库"]', NULL, NULL, 3, 2, 6, '已接受', 'closed', 3, NULL, '2026-05-05T08:00:00Z', '2026-05-30T00:00:00Z', '2026-05-25T10:00:00Z', '[]', '2026-05-05T08:00:00Z', '2026-05-25T10:00:00Z'),
(8, 'SEC-2026-008', '内部网络横向移动风险', '安全评估发现内部网络缺乏有效的分段隔离，攻击者一旦突破边界防护可在内网自由横向移动，威胁核心数据安全。', '内部来源', '配置缺陷', '高危', '["内部网络","数据库集群","文件服务器"]', NULL, NULL, 5, 3, 15, '处置中', 'in_progress', 2, 5, '2026-05-22T08:00:00Z', '2026-07-10T00:00:00Z', NULL, '[]', '2026-05-22T08:00:00Z', '2026-05-28T10:00:00Z'),
(9, 'SEC-2026-009', '日志系统存储空间不足风险', '安全日志系统存储空间即将耗尽，可能导致安全事件无法被完整记录和追溯，影响安全审计和事件响应能力。', '内部来源', '配置缺陷', '中危', '["SIEM 平台","日志存储服务器"]', NULL, NULL, 3, 4, 12, '待处置', 'assigned', 2, NULL, '2026-05-28T08:00:00Z', '2026-08-01T00:00:00Z', NULL, '[]', '2026-05-28T08:00:00Z', '2026-06-01T10:00:00Z'),
(10, 'SEC-2026-010', 'Redis 未授权访问漏洞', '内网 Redis 实例未启用密码认证，且绑定地址为 0.0.0.0，存在被未授权访问和恶意写入的风险。', '内部来源', '配置缺陷', '高危', '["缓存服务器","会话存储"]', 7.5, NULL, 4, 4, 16, '已修复', 'closed', 2, 5, '2026-02-20T08:00:00Z', '2026-03-10T00:00:00Z', '2026-03-05T17:00:00Z', '[]', '2026-02-20T08:00:00Z', '2026-03-05T17:00:00Z'),
(11, 'SEC-2026-011', 'Nginx HTTP/2 快速重置漏洞（CVE-2024-28118）', 'Nginx HTTP/2 实现存在快速重置攻击漏洞，攻击者可利用该漏洞发起拒绝服务攻击，导致 Web 服务不可用。', '外部来源', '漏洞利用', '中危', '["Web 服务器集群","CDN 节点"]', 6.2, NULL, 4, 3, 12, '处置中', 'in_progress', 3, 5, '2026-06-01T08:00:00Z', '2026-07-25T00:00:00Z', NULL, '[]', '2026-06-01T08:00:00Z', '2026-06-05T10:00:00Z'),
(12, 'SEC-2026-012', 'Web 应用跨站脚本攻击（XSS）风险', '多个 Web 应用未对用户输入进行充分转义，存在存储型 XSS 漏洞，攻击者可注入恶意脚本窃取用户会话信息。', '内部来源', '漏洞利用', '中危', '["客户门户","员工自助平台"]', 6.1, NULL, 4, 3, 12, '处置中', 'in_progress', 3, 4, '2026-06-03T08:00:00Z', '2026-07-30T00:00:00Z', NULL, '[]', '2026-06-03T08:00:00Z', '2026-06-08T10:00:00Z'),
(13, 'SEC-2026-013', 'Kubernetes 容器逃逸漏洞（CVE-2024-31317）', 'Kubernetes 集群使用的 containerd 版本存在容器逃逸漏洞，攻击者可从容器内逃逸到宿主机，获取主机控制权。', '外部来源', '漏洞利用', '严重', '["Kubernetes 集群","生产环境容器"]', 9.8, NULL, 5, 4, 20, '待处置', 'assigned', 2, NULL, '2026-06-08T08:00:00Z', '2026-08-15T00:00:00Z', NULL, '[]', '2026-06-08T08:00:00Z', '2026-06-10T10:00:00Z'),
(14, 'SEC-2026-014', 'TLS 协议版本过低风险', '部分对外服务仍支持 TLS 1.0 和 TLS 1.1 协议，这些协议版本已被证实存在安全弱点，不满足 PCI-DSS 合规要求。', '内部来源', '合规与法规', '中危', '["支付网关","客户门户","API 服务"]', NULL, NULL, 3, 3, 9, '已修复', 'closed', 3, 5, '2026-03-28T08:00:00Z', '2026-04-15T00:00:00Z', '2026-04-12T14:00:00Z', '[]', '2026-03-28T08:00:00Z', '2026-04-12T14:00:00Z'),
(15, 'SEC-2026-015', '微服务 API 接口缺乏认证和限流', '内部微服务 API 接口未实施统一的认证机制和请求限流策略，存在被滥用和拒绝服务攻击的风险。', '内部来源', '配置缺陷', '中危', '["微服务平台","API 网关"]', NULL, NULL, 4, 3, 12, '处置中', 'in_progress', 2, 4, '2026-06-10T08:00:00Z', '2026-08-20T00:00:00Z', NULL, '[]', '2026-06-10T08:00:00Z', '2026-06-15T10:00:00Z');

-- ========== 处置措施数据 ==========
INSERT INTO risk_measures (id, risk_id, measure_type, description, task_owner_id, task_status, plan_end_date, actual_end_date, verify_result, verify_by, result_description, result_attachments, created_at, updated_at) VALUES
(1, 1, '修复', '升级 Apache Log4j2 至 2.17.1 及以上版本，移除 JNDI lookup 功能', 4, '已完成', '2026-02-15T00:00:00Z', '2026-02-10T14:30:00Z', '验证通过', 2, '已确认所有服务器 Log4j2 版本升级至 2.17.1，JNDI lookup 已禁用', '[]', '2026-01-20T10:00:00Z', '2026-02-10T14:30:00Z'),
(2, 1, '缓解', '部署 WAF 规则拦截 JNDI 相关恶意请求', 6, '已完成', '2026-01-25T00:00:00Z', '2026-01-22T16:00:00Z', '验证通过', 2, 'WAF 规则已部署并测试通过', '[]', '2026-01-20T10:00:00Z', '2026-01-22T16:00:00Z'),
(3, 2, '修复', '修复 SQL 注入漏洞，对所有数据库查询参数化处理', 4, '进行中', '2026-06-30T00:00:00Z', NULL, '待验证', NULL, NULL, '[]', '2026-03-15T10:00:00Z', '2026-03-15T10:00:00Z'),
(4, 2, '缓解', '临时启用 SQL 注入检测规则，加强输入校验', 6, '已完成', '2026-03-20T00:00:00Z', '2026-03-18T11:00:00Z', '验证通过', NULL, '输入校验中间件已部署', '[]', '2026-03-15T10:00:00Z', '2026-03-18T11:00:00Z'),
(5, 3, '修复', '更新 OpenSSL 至 3.0.9 版本，修复缓冲区溢出漏洞', 6, '进行中', '2026-07-15T00:00:00Z', NULL, '待验证', NULL, NULL, '[]', '2026-04-10T09:00:00Z', '2026-04-10T09:00:00Z'),
(6, 4, '修复', '升级 Spring Framework 至 5.3.31，修复路径遍历漏洞', 4, '未开始', '2026-07-20T00:00:00Z', NULL, '待验证', NULL, NULL, '[]', '2026-05-05T10:00:00Z', '2026-05-05T10:00:00Z'),
(7, 5, '缓解', '启用 MFA 多因素认证，限制管理员账户登录来源 IP', 4, '已完成', '2026-04-10T00:00:00Z', '2026-04-08T15:00:00Z', '验证通过', NULL, 'MFA 已启用，IP 白名单已配置', '[]', '2026-03-25T10:00:00Z', '2026-04-08T15:00:00Z'),
(8, 6, '修复', '升级 Jenkins 至 2.426.3 LTS 版本，修复多个安全漏洞', 6, '进行中', '2026-07-01T00:00:00Z', NULL, '待验证', NULL, NULL, '[]', '2026-05-20T10:00:00Z', '2026-05-20T10:00:00Z'),
(9, 7, '接受', '评估后风险可接受，现有备份策略可保障数据恢复', 3, '已完成', '2026-05-30T00:00:00Z', '2026-05-25T10:00:00Z', '验证通过', NULL, '风险评估委员会已审批通过', '[]', '2026-05-10T10:00:00Z', '2026-05-25T10:00:00Z'),
(10, 8, '修复', '更新防火墙规则，关闭不必要的端口，部署网络隔离策略', 6, '进行中', '2026-07-10T00:00:00Z', NULL, '待验证', NULL, NULL, '[]', '2026-05-28T10:00:00Z', '2026-05-28T10:00:00Z'),
(11, 9, '转移', '将日志存储服务迁移至云厂商托管服务，由云厂商负责安全', 4, '未开始', '2026-08-01T00:00:00Z', NULL, '待验证', NULL, NULL, '[]', '2026-06-01T10:00:00Z', '2026-06-01T10:00:00Z'),
(12, 10, '修复', '更新 Redis 配置，禁用危险命令，启用密码认证和 ACL', 6, '已完成', '2026-03-10T00:00:00Z', '2026-03-05T17:00:00Z', '验证通过', NULL, 'Redis 安全加固完成，危险命令已禁用', '[]', '2026-02-25T10:00:00Z', '2026-03-05T17:00:00Z'),
(13, 11, '修复', '更新 Nginx 至最新稳定版，配置安全响应头', 6, '进行中', '2026-07-25T00:00:00Z', NULL, '待验证', NULL, NULL, '[]', '2026-06-05T10:00:00Z', '2026-06-05T10:00:00Z'),
(14, 12, '缓解', '部署 CSP（内容安全策略）规则，限制脚本执行来源', 4, '进行中', '2026-07-30T00:00:00Z', NULL, '待验证', NULL, NULL, '[]', '2026-06-08T10:00:00Z', '2026-06-08T10:00:00Z'),
(15, 13, '修复', '升级 Kubernetes 至 1.28.4，修复容器逃逸漏洞', 6, '未开始', '2026-08-15T00:00:00Z', NULL, '待验证', NULL, NULL, '[]', '2026-06-10T10:00:00Z', '2026-06-10T10:00:00Z'),
(16, 14, '修复', '更新 SSL 证书配置，禁用 TLS 1.0/1.1，仅保留 TLS 1.2/1.3', 6, '已完成', '2026-04-15T00:00:00Z', '2026-04-12T14:00:00Z', '验证通过', NULL, 'TLS 配置已更新，仅支持 TLS 1.2 和 1.3', '[]', '2026-04-01T10:00:00Z', '2026-04-12T14:00:00Z'),
(17, 15, '缓解', '部署 API 网关，实施请求限流和认证', 4, '进行中', '2026-08-20T00:00:00Z', NULL, '待验证', NULL, NULL, '[]', '2026-06-15T10:00:00Z', '2026-06-15T10:00:00Z');

-- ========== 审计日志 ==========
INSERT INTO audit_logs (id, action_type, operator_id, operator_name, target_id, target_title, old_values, new_values, created_at) VALUES
(1, 'create_risk', 2, '张安全', 1, 'Apache Log4j2 远程代码执行漏洞（CVE-2021-44228）', NULL, '{"level":"严重","status":"待处置"}', '2026-01-15T08:00:00Z'),
(2, 'assign_handler', 3, '李风险', 1, 'Apache Log4j2 远程代码执行漏洞（CVE-2021-44228）', '{"handler_id":null}', '{"handler_id":4}', '2026-01-16T09:00:00Z'),
(3, 'update_status', 4, '王处置', 1, 'Apache Log4j2 远程代码执行漏洞（CVE-2021-44228）', '{"status":"处置中"}', '{"status":"已修复"}', '2026-02-10T14:30:00Z'),
(4, 'create_risk', 2, '张安全', 2, '客户管理系统 SQL 注入漏洞', NULL, '{"level":"高危","status":"待处置"}', '2026-03-10T10:00:00Z'),
(5, 'update_user', 1, '系统管理员', 6, '刘运维', '{"login_fail_count":0}', '{"login_fail_count":2}', '2026-04-02T11:30:00Z'),
(6, 'create_risk', 2, '张安全', 5, '管理员账户弱密码及未启用 MFA', NULL, '{"level":"高危","status":"待处置"}', '2026-03-20T08:00:00Z'),
(7, 'accept_risk', 3, '李风险', 7, '第三方依赖库 License 合规风险', '{"status":"处置中"}', '{"status":"已接受"}', '2026-05-25T10:00:00Z'),
(8, 'create_risk', 2, '张安全', 13, 'Kubernetes 容器逃逸漏洞（CVE-2024-31317）', NULL, '{"level":"严重","status":"待处置"}', '2026-06-08T08:00:00Z'),
(9, 'export_data', 1, '系统管理员', NULL, NULL, NULL, '{"export_type":"risk_list","format":"xlsx"}', '2026-06-12T14:00:00Z'),
(10, 'system_config', 1, '系统管理员', NULL, NULL, '{"notification_enabled":false}', '{"notification_enabled":true}', '2026-06-15T09:00:00Z');

-- ========== 通知数据 ==========
INSERT INTO notifications (id, type, title, content, risk_id, measure_id, recipient_id, is_read, created_at) VALUES
(1, '到期提醒', '风险处置即将到期', 'SEC-2026-002（客户管理系统 SQL 注入漏洞）计划完成日期为 2026-06-30，请尽快处理。', 2, NULL, 4, 0, '2026-06-10T08:00:00Z'),
(2, '超期警示', '处置措施已超期', 'SEC-2026-004（Spring Framework 路径遍历漏洞）的处置措施尚未启动，已超过计划开始日期。', 4, NULL, 3, 0, '2026-06-12T08:00:00Z'),
(3, '审批通知', '风险接受审批已通过', 'SEC-2026-007（第三方依赖库 License 合规风险）的风险接受申请已通过审批。', 7, NULL, 3, 1, '2026-05-25T10:30:00Z'),
(4, '风险状态变更', '风险状态更新', 'SEC-2026-010（Redis 未授权访问漏洞）已标记为"已修复"。', 10, NULL, 2, 1, '2026-03-05T17:30:00Z'),
(5, '系统通知', '系统维护通知', '系统将于 2026-06-20 22:00-23:00 进行例行维护升级，届时服务将短暂不可用。', NULL, NULL, 1, 0, '2026-06-16T10:00:00Z'),
(6, '到期提醒', '风险处置即将到期', 'SEC-2026-003（OpenSSL 缓冲区溢出漏洞）计划完成日期为 2026-07-15，请注意进度。', 3, NULL, 5, 0, '2026-06-14T08:00:00Z'),
(7, '风险状态变更', '新风险待处置', 'SEC-2026-013（Kubernetes 容器逃逸漏洞）已录入系统，请安排处置。', 13, NULL, 2, 0, '2026-06-08T08:30:00Z'),
(8, '审批通知', '处置措施验证完成', 'SEC-2026-001 的处置措施已通过验证，风险可关闭。', 1, 1, 3, 1, '2026-02-10T15:00:00Z');

-- ========== 知识库文章 ==========
INSERT INTO knowledge_base (id, title, content, category, tags, source_type, source_ref, related_risk_ids, view_count, reference_count, is_published, created_by, updated_by, published_at, created_at, updated_at) VALUES
(1, 'Log4j2 漏洞修复指南', '详细介绍了 Log4j2 远程代码执行漏洞的修复步骤，包括版本升级、JNDI 配置禁用、WAF 规则部署等临时和永久修复方案。适用于所有使用 Java 日志框架的应用系统。', '漏洞修复', '["Log4j2","JNDI","远程代码执行","Java"]', 'external_cve', 'CVE-2021-44228', '[1]', 156, 12, 1, 2, 2, '2026-01-20T10:00:00Z', '2026-01-18T10:00:00Z', '2026-02-15T10:00:00Z'),
(2, 'SQL 注入防护最佳实践', '总结了 SQL 注入漏洞的常见类型、检测方法和防护措施。包括参数化查询、输入校验、ORM 安全使用、WAF 规则配置等内容。', '最佳实践', '["SQL注入","OWASP","输入校验","参数化查询"]', 'manual', NULL, '[2]', 98, 8, 1, 2, 2, '2026-03-12T10:00:00Z', '2026-03-10T10:00:00Z', '2026-03-12T10:00:00Z'),
(3, '《网络安全等级保护基本要求》合规要点', '梳理了等保 2.0 标准中与网络安全风险管理相关的合规要求，包括安全通信网络、安全区域边界、安全计算环境等方面的具体要求。', '合规要求', '["等保2.0","合规","等级保护","安全标准"]', 'manual', NULL, '[7,14]', 234, 25, 1, 1, 1, '2026-02-01T10:00:00Z', '2026-01-28T10:00:00Z', '2026-04-01T10:00:00Z'),
(4, '应急响应流程与模板', '提供了安全事件应急响应的标准流程，包括事件发现、初步评估、遏制措施、根因分析、修复验证和事后总结等阶段。附带各阶段的操作模板和检查清单。', '应急响应', '["应急响应","事件处理","安全事件","流程模板"]', 'manual', NULL, '[1,5,13]', 187, 20, 1, 2, 2, '2026-02-10T10:00:00Z', '2026-02-05T10:00:00Z', '2026-05-20T10:00:00Z'),
(5, 'Kubernetes 安全加固配置指南', '介绍了 Kubernetes 集群的安全加固配置，包括 RBAC 配置、网络策略、Pod 安全标准、镜像扫描、Secret 管理等安全最佳实践。', '配置加固', '["Kubernetes","容器安全","K8s","安全加固"]', 'manual', NULL, '[13]', 112, 15, 1, 2, 2, '2026-04-15T10:00:00Z', '2026-04-10T10:00:00Z', '2026-06-05T10:00:00Z');

-- ========== AI 分析记录 ==========
INSERT INTO ai_analysis_records (id, risk_id, input_text, analysis_result, suggested_level, suggested_measures, suggested_category, suggested_source, suggested_impact_score, suggested_likelihood_score, confidence_score, model_provider, model_name, is_applied, created_by, created_at) VALUES
(1, 2, '客户管理系统的查询接口存在 SQL 注入漏洞，攻击者可通过构造特殊请求获取数据库敏感信息。', '{"severity":"high","attack_vector":"network","complexity":"low"}', '高危', '[{"type":"修复","description":"对所有数据库查询实施参数化处理","priority":"P0"},{"type":"缓解","description":"部署 WAF SQL 注入检测规则","priority":"P1"}]', '漏洞利用', '内部来源', 5, 4, 0.92, 'openai', 'gpt-4o', 1, 2, '2026-03-10T10:30:00Z'),
(2, 13, 'Kubernetes 集群使用的 containerd 版本存在容器逃逸漏洞，攻击者可从容器内逃逸到宿主机。', '{"severity":"critical","attack_vector":"adjacent","complexity":"low"}', '严重', '[{"type":"修复","description":"升级 containerd 至安全版本","priority":"P0"},{"type":"缓解","description":"启用 Pod 安全标准（restricted）","priority":"P1"},{"type":"缓解","description":"限制容器以非 root 用户运行","priority":"P1"}]', '漏洞利用', '外部来源', 5, 4, 0.88, 'openai', 'gpt-4o', 1, 2, '2026-06-08T08:30:00Z'),
(3, NULL, '收到外部安全厂商通报，某开源组件存在 0day 漏洞，影响范围广泛，建议尽快排查。', '{"severity":"medium","potential_impact":"需要进一步评估"}', '中危', '[{"type":"缓解","description":"排查内部系统是否使用该组件","priority":"P0"},{"type":"缓解","description":"临时禁用相关功能模块","priority":"P1"}]', '供应链风险', '外部来源', 3, 3, 0.65, 'openai', 'gpt-4o', 0, 2, '2026-06-15T14:00:00Z');

-- ========== 审批流程定义 ==========
INSERT INTO approval_workflows (id, name, trigger_event, steps, is_active, created_at, updated_at) VALUES
(1, '风险接受审批流程', 'risk_accept', '[{"step":1,"role":"risk_owner","action":"submit"},{"step":2,"role":"security_team","action":"review"},{"step":3,"role":"executive","action":"approve"}]', 1, '2026-01-01T08:00:00Z', '2026-01-01T08:00:00Z'),
(2, '风险关闭审批流程', 'risk_close', '[{"step":1,"role":"handler","action":"submit"},{"step":2,"role":"risk_owner","action":"verify"},{"step":3,"role":"security_team","action":"approve"}]', 1, '2026-01-01T08:00:00Z', '2026-01-01T08:00:00Z'),
(3, '风险转移审批流程', 'risk_transfer', '[{"step":1,"role":"risk_owner","action":"submit"},{"step":2,"role":"executive","action":"review"},{"step":3,"role":"security_team","action":"approve"}]', 1, '2026-01-01T08:00:00Z', '2026-01-01T08:00:00Z'),
(4, '措施验证审批流程', 'measure_verify', '[{"step":1,"role":"handler","action":"submit"},{"step":2,"role":"security_team","action":"verify"}]', 1, '2026-01-01T08:00:00Z', '2026-01-01T08:00:00Z');
